file,series,style,font,cell,size_px,cap_height_px,antialiased,degradation,w,h,megapixels,rows,cols,chars,claude_tokens,gpt_tokens,chars_per_claude_token,chars_per_gpt_token,text_tokens_equiv,claude_compression,exceeds_claude_measured_envelope,groundtruth,image_sha256,groundtruth_sha256
A_bitmap_ladder/A01_4x6.png,A_bitmap_ladder,"numbered lines, dense",X11 misc 4x6 bitmap,4x6,,6,False,,896,896,0.803,148,222,32093,1024,941,31.34,34.11,8023,7.84,False,groundtruth/A_bitmap_ladder__A01_4x6.txt,e96e008e22819fd1dbf31eb9204ca2d59a45cd5401b93f2195ab9ce48f9437a7,715b83aa91974b458bbd18c13d82feef796bce54043a1822f2074b4b269391ea
A_bitmap_ladder/A02_5x7.png,A_bitmap_ladder,"numbered lines, dense",X11 misc 5x7 bitmap,5x7,,7,False,,896,896,0.803,126,177,21642,1024,941,21.13,23.0,5410,5.28,False,groundtruth/A_bitmap_ladder__A02_5x7.txt,cbc61469e471dd996fe36a6feffea1755ee49f924597618a228820b57a5dac3f,d1e0da4bf21be9870d58eb6354d2139fd2f4c99c55e40ca1b51d0f6bbcb15730
A_bitmap_ladder/A03_5x8.png,A_bitmap_ladder,"numbered lines, dense",X11 misc 5x8 bitmap,5x8,,8,False,,896,896,0.803,111,177,19080,1024,941,18.63,20.28,4770,4.66,False,groundtruth/A_bitmap_ladder__A03_5x8.txt,9d8dbc8f5b94b677037334979d9a870a95684206c8107eb910a3704f25bdaf52,a3fa6f11dbee9bd5160720adc52bcb7ba540c31a16c583addd5f615cb4146cde
A_bitmap_ladder/A04_6x9.png,A_bitmap_ladder,"numbered lines, dense",X11 misc 6x9 bitmap,6x9,,9,False,,896,896,0.803,98,148,14016,1024,941,13.69,14.9,3504,3.42,False,groundtruth/A_bitmap_ladder__A04_6x9.txt,315e27c9f8b9ea1f68f2672a39d2d55479265fb7bbf8de2bddeb844c3b2c28b4,946464e154e548e876ca753e8d960398dade4787a0e3a61d5c9f23a2c96cc495
A_bitmap_ladder/A05_6x10.png,A_bitmap_ladder,"numbered lines, dense",X11 misc 6x10 bitmap,6x10,,10,False,,896,896,0.803,88,148,12575,1024,941,12.28,13.37,3144,3.07,False,groundtruth/A_bitmap_ladder__A05_6x10.txt,d9be9f1a30708fc69502478f7ef657256d3e0bd397fb8ea7a527d82da3ab12b9,16e5244ba5078333167098d9c410af47b74098dda58e966477b644fb8b904dfd
A_bitmap_ladder/A06_6x12.png,A_bitmap_ladder,"numbered lines, dense",X11 misc 6x12 bitmap,6x12,,12,False,,896,896,0.803,74,148,10580,1024,941,10.33,11.25,2645,2.58,False,groundtruth/A_bitmap_ladder__A06_6x12.txt,7b6508f80102c1751f09a3c0580d38405276d612560af0dd5f8b1bc8e93b2383,1c2a903aa2a4208c6f6782990617789cdd2207ac2d75732c4cc0251af925c47c
A_bitmap_ladder/A07_6x13.png,A_bitmap_ladder,"numbered lines, dense",X11 misc 6x13 bitmap,6x13,,13,False,,896,896,0.803,68,148,9731,1024,941,9.5,10.34,2433,2.38,False,groundtruth/A_bitmap_ladder__A07_6x13.txt,e1c6bb4a11386f1dcfa2ad40bed37214b4c5a17e5b74def69b924b8a89d7f5c9,f520a5674751b319a8c81e1a5fbefa836f09044d1bef3f8a0581b9a4459291dc
A_bitmap_ladder/A08_7x13.png,A_bitmap_ladder,"numbered lines, dense",X11 misc 7x13 bitmap,7x13,,13,False,,896,896,0.803,68,126,8200,1024,941,8.01,8.72,2050,2.0,False,groundtruth/A_bitmap_ladder__A08_7x13.txt,ee5c62700bd5d69041a8fe5bb28640cfe2b18a11fe34c8292ab894e7316ca413,6582373feac6e77f2a53043ffad943b3aaff9cd29780ebb94b4d3ae4b72e16b4
A_bitmap_ladder/A09_7x14.png,A_bitmap_ladder,"numbered lines, dense",X11 misc 7x14 bitmap,7x14,,14,False,,896,896,0.803,63,126,7619,1024,941,7.44,8.1,1905,1.86,False,groundtruth/A_bitmap_ladder__A09_7x14.txt,e9f405d25afe0d9eaac92f417f81e761c160d434b44215b444e92b697e834127,a2f1f36cd4852bc2fdf258c8cb4b6d78c3d1269cde1786bab965b3f740bb537c
A_bitmap_ladder/A10_8x13.png,A_bitmap_ladder,"numbered lines, dense",X11 misc 8x13 bitmap,8x13,,13,False,,896,896,0.803,68,111,7172,1024,941,7.0,7.62,1793,1.75,False,groundtruth/A_bitmap_ladder__A10_8x13.txt,b0f0240170b763e827e86c23c23cc9eb360f520d8d6bb7cb59331fe16d212d62,059c8e61a39464a6437f6d7402e86f5c5abb46357832521b061f06fa458c741c
A_bitmap_ladder/A11_8x16.png,A_bitmap_ladder,"numbered lines, dense",X11 misc 8x16 bitmap,8x16,,16,False,,896,896,0.803,55,111,5808,1024,941,5.67,6.17,1452,1.42,False,groundtruth/A_bitmap_ladder__A11_8x16.txt,75e053d795cdded17fb07d30d54d1f63dd6195b1b70d79de6f67ca4ab2d46eb0,c97c58de977873aef66d2da98aa76a6c02e92c9a6ff2d95b6ecb6dde11e234b5
A_bitmap_ladder/A12_9x15.png,A_bitmap_ladder,"numbered lines, dense",X11 misc 9x15 bitmap,9x15,,15,False,,896,896,0.803,59,98,5469,1024,941,5.34,5.81,1367,1.34,False,groundtruth/A_bitmap_ladder__A12_9x15.txt,df941d66a87ab902b412a15f83acf71977528c9c9eae1ba8eec1a6510c1d73a8,d9705ed7d9c711839fb243f6f67b03b941db3797154bb80942ff02026542dcb9
A_bitmap_ladder/A13_9x18.png,A_bitmap_ladder,"numbered lines, dense",X11 misc 9x18 bitmap,9x18,,18,False,,896,896,0.803,49,98,4588,1024,941,4.48,4.88,1147,1.12,False,groundtruth/A_bitmap_ladder__A13_9x18.txt,11e7e17bde94683e8066d032c7d9fa3919b3ae494ea1dba0f96f39d86885f024,872a2d163b5abe0639eace87bc23620ba4720d0e398627d5d9706e3b89cef4a2
A_bitmap_ladder/A14_10x20.png,A_bitmap_ladder,"numbered lines, dense",X11 misc 10x20 bitmap,10x20,,20,False,,896,896,0.803,44,88,3622,1024,941,3.54,3.85,906,0.88,False,groundtruth/A_bitmap_ladder__A14_10x20.txt,136d88085a95af1a79cacbf4b2aa75d73749ab02b13eabbeeacc60c0bc972ea8,ceba19fd1a4bc05b013f996d6e2364bf4f63971d2156966d685e6be87d854b84
A_bitmap_ladder/A15_12x24.png,A_bitmap_ladder,"numbered lines, dense",X11 misc 12x24 bitmap,12x24,,24,False,,896,896,0.803,37,74,2548,1024,941,2.49,2.71,637,0.62,False,groundtruth/A_bitmap_ladder__A15_12x24.txt,58d609ef5b20c77c7be6d2aef0f102fd777c97da89532cf56aa619bcac78b82a,bca01f0e2796e48a13e3188a746ca3d7775082fd220914ff7d0d192d820a6fa5
B_mono_ttf_ladder/B01_dejavu_mono_05px.png,B_mono_ttf_ladder,"numbered lines, dense",DejaVu Sans Mono,,5,,True,,896,896,0.803,126,293,36281,1024,941,35.43,38.56,9070,8.86,False,groundtruth/B_mono_ttf_ladder__B01_dejavu_mono_05px.txt,ab85fd0cc289256e65c8c9dc0e4e816b4370536e3d3c4ca90ed4081b51558d57,7d577ffa3340ba5254959bea76e8dd3fe775eeed5652dcb81445dabab8a44672
B_mono_ttf_ladder/B01b_dejavu_mono_06px_noAA.png,B_mono_ttf_ladder,"numbered lines, no anti-aliasing",DejaVu Sans Mono,,6,,False,,896,896,0.803,110,245,26389,1024,941,25.77,28.05,6597,6.44,False,groundtruth/B_mono_ttf_ladder__B01b_dejavu_mono_06px_noAA.txt,608f5f7a17eccc599c3c08ae318224e2c1607cbb90542d7f37a537f446e7a1bb,34b0f1029cb0d566d5666bd7f4fa2614e76c232665b557dd394823292f997c91
B_mono_ttf_ladder/B02_dejavu_mono_06px.png,B_mono_ttf_ladder,"numbered lines, dense",DejaVu Sans Mono,,6,,True,,896,896,0.803,110,245,26389,1024,941,25.77,28.05,6597,6.44,False,groundtruth/B_mono_ttf_ladder__B02_dejavu_mono_06px.txt,60a1f7326f405648a30346fcef68ee5fca58970d05fefbf2248c3dde7413cf7a,e4720d67249de9e0b079389af0218525df25b35ece435947ef7185fb78d938fc
B_mono_ttf_ladder/B02b_dejavu_mono_08px_noAA.png,B_mono_ttf_ladder,"numbered lines, no anti-aliasing",DejaVu Sans Mono,,8,,False,,896,896,0.803,88,184,15749,1024,941,15.38,16.74,3937,3.84,False,groundtruth/B_mono_ttf_ladder__B02b_dejavu_mono_08px_noAA.txt,ef5a7f4303d1e8e0a4133d8e87ca817185c60dd0e888c4326f5145be9eeabf2d,f833194c85589187172054c13ed97866fd3d7304edb71e4b6be2cb231edd4c0f
B_mono_ttf_ladder/B03_dejavu_mono_07px.png,B_mono_ttf_ladder,"numbered lines, dense",DejaVu Sans Mono,,7,,True,,896,896,0.803,98,210,20094,1024,941,19.62,21.36,5024,4.91,False,groundtruth/B_mono_ttf_ladder__B03_dejavu_mono_07px.txt,e547f835bb7af8d46967afe2e3d9071799bda7ab0f438774e716b040ff38b9fb,950c74edf2546aa8783e2df542260da659e5c2d938516ba5ade73159ef61465c
B_mono_ttf_ladder/B03b_dejavu_mono_10px_noAA.png,B_mono_ttf_ladder,"numbered lines, no anti-aliasing",DejaVu Sans Mono,,10,,False,,896,896,0.803,68,147,9681,1024,941,9.45,10.29,2420,2.36,False,groundtruth/B_mono_ttf_ladder__B03b_dejavu_mono_10px_noAA.txt,9f2422cdf41e4c8f9e24b04f586210b6f07329d38b6d3e819dab9761711bb7da,b523ee1fe1db74c7a44e47bc01a2ca278afd62757b17eb044aaf5a8c286c8fc5
B_mono_ttf_ladder/B04_dejavu_mono_08px.png,B_mono_ttf_ladder,"numbered lines, dense",DejaVu Sans Mono,,8,,True,,896,896,0.803,88,184,15705,1024,941,15.34,16.69,3926,3.83,False,groundtruth/B_mono_ttf_ladder__B04_dejavu_mono_08px.txt,7779b2f84e229247bb1b1f52586b06d37fc6c9408b3560ba1712a1b04b392ee4,7fe296dbff7f31942e8f5f205011789ad7ec3f08569745478dda8253c2c0db1a
B_mono_ttf_ladder/B04b_dejavu_mono_12px_noAA.png,B_mono_ttf_ladder,"numbered lines, no anti-aliasing",DejaVu Sans Mono,,12,,False,,896,896,0.803,59,122,6904,1024,941,6.74,7.34,1726,1.69,False,groundtruth/B_mono_ttf_ladder__B04b_dejavu_mono_12px_noAA.txt,4c02323a410cc59d1e5997f31f881038d13024f338435ae3764b2aff83731472,b12c9ee91a246935bcc4d2baac4fe8e34c2b80b756422b1ab3747165d6fdf70d
B_mono_ttf_ladder/B05_dejavu_mono_09px.png,B_mono_ttf_ladder,"numbered lines, dense",DejaVu Sans Mono,,9,,True,,896,896,0.803,73,163,11471,1024,941,11.2,12.19,2868,2.8,False,groundtruth/B_mono_ttf_ladder__B05_dejavu_mono_09px.txt,63d7ee73b44610b5342140622b070bc463a90b42a64f39ebe8288e51abeef25e,0186012811bc82f682d282fc0fc053084b51d5edde38266700f230e5d11b62ee
B_mono_ttf_ladder/B05b_dejavu_mono_16px_noAA.png,B_mono_ttf_ladder,"numbered lines, no anti-aliasing",DejaVu Sans Mono,,16,,False,,896,896,0.803,46,91,3959,1024,941,3.87,4.21,990,0.97,False,groundtruth/B_mono_ttf_ladder__B05b_dejavu_mono_16px_noAA.txt,6dedac54a10b59885bcc0fb065a0d10bef21da0a2af5b88f4c6eaa38f794e967,b09e226510cb68fd8739eaf861795b364cc90badbfac9fde662aa4be5a42f47c
B_mono_ttf_ladder/B06_dejavu_mono_10px.png,B_mono_ttf_ladder,"numbered lines, dense",DejaVu Sans Mono,,10,,True,,896,896,0.803,68,147,9646,1024,941,9.42,10.25,2412,2.35,False,groundtruth/B_mono_ttf_ladder__B06_dejavu_mono_10px.txt,33f2b23e5de62f5a4b3f3c11b979aab91a4c4ae0abd2fd1387492231586d4957,a9fba024513f26f930ca9d912dc7411191123da11da0cecfdca639212b059886
B_mono_ttf_ladder/B07_dejavu_mono_11px.png,B_mono_ttf_ladder,"numbered lines, dense",DejaVu Sans Mono,,11,,True,,896,896,0.803,63,133,8066,1024,941,7.88,8.57,2016,1.97,False,groundtruth/B_mono_ttf_ladder__B07_dejavu_mono_11px.txt,4bc0c2c20261f558b2f92d3ad82fea8732bd5dd1f85fb9c097cfeef5b9011ae4,60d41224137e50d140492aef5ed1522afc7402eaeec8035376c7e1bd17908e19
B_mono_ttf_ladder/B08_dejavu_mono_12px.png,B_mono_ttf_ladder,"numbered lines, dense",DejaVu Sans Mono,,12,,True,,896,896,0.803,59,122,6888,1024,941,6.73,7.32,1722,1.68,False,groundtruth/B_mono_ttf_ladder__B08_dejavu_mono_12px.txt,b9b35c868dc02d0c83ac1d6b698063adc277636632273ccbdfdc4ab7411c3728,02df4ce2fc16627bacfdbeed69b1167474063ee550c726489b10357706d7ce17
B_mono_ttf_ladder/B09_dejavu_mono_14px.png,B_mono_ttf_ladder,"numbered lines, dense",DejaVu Sans Mono,,14,,True,,896,896,0.803,52,105,5172,1024,941,5.05,5.5,1293,1.26,False,groundtruth/B_mono_ttf_ladder__B09_dejavu_mono_14px.txt,f4d2c4dfaa288ce10b38d6119eccfaa5ddf05d812dbd1daaf61c17e9bf03bf59,398c0780ddabf377c20025a25c29660b5e1c0b427c81d17fb81ad189316c4c0d
B_mono_ttf_ladder/B10_dejavu_mono_16px.png,B_mono_ttf_ladder,"numbered lines, dense",DejaVu Sans Mono,,16,,True,,896,896,0.803,46,91,3947,1024,941,3.85,4.2,987,0.96,False,groundtruth/B_mono_ttf_ladder__B10_dejavu_mono_16px.txt,858f0c48860e5dbc3be0d941abb89475f005beff13f1fadbc2624ae24acba5e2,82a851d8cdc8d119fffccc39c4a40eae3621498dc4a66636f4c640943878300a
B_mono_ttf_ladder/B11_dejavu_mono_20px.png,B_mono_ttf_ladder,"numbered lines, dense",DejaVu Sans Mono,,20,,True,,896,896,0.803,36,73,2443,1024,941,2.39,2.6,611,0.6,False,groundtruth/B_mono_ttf_ladder__B11_dejavu_mono_20px.txt,8d3e1ab65e353f19307965189b4f1194f136f1a4434660ecb3cb04aeb97e35ab,13828630bc393aa4c3dbd9529b7dbd3fc54b66b21ed209e3150e138e7da6dd84
B_mono_ttf_ladder/B12_dejavu_mono_24px.png,B_mono_ttf_ladder,"numbered lines, dense",DejaVu Sans Mono,,24,,True,,896,896,0.803,30,61,1686,1024,941,1.65,1.79,422,0.41,False,groundtruth/B_mono_ttf_ladder__B12_dejavu_mono_24px.txt,cbf2b8cf50d87e7e4bf2dfa4c372a5b6ebf9a9917745ac6bdb9caadce21b3a8a,781b8348e963a1e22e6155a6d0cf8932a0f3bf9c811ac455bc72298ad4baf4ed
B_mono_ttf_ladder/B13_dejavu_mono_32px.png,B_mono_ttf_ladder,"numbered lines, dense",DejaVu Sans Mono,,32,,True,,896,896,0.803,23,45,942,1024,941,0.92,1.0,236,0.23,False,groundtruth/B_mono_ttf_ladder__B13_dejavu_mono_32px.txt,b95df428b9fa5b9a0a2675fedc1072bcd3f45fc0432a9713581175e7fc525f24,d342045521657ffa728a130cb6875cb276092daaf7ba15852b710a7303702c3f
C_prose_proportional/C01_dejavu_sans_05px.png,C_prose_proportional,"wrapped prose, proportional",DejaVu Sans,,5,,True,,896,896,0.803,110,,37854,1024,941,36.97,40.24,9464,9.24,False,groundtruth/C_prose_proportional__C01_dejavu_sans_05px.txt,bc9c01f2514722a2526273c4b94412c0a1e9ef56040d7302b7c72423d4ad22b3,a2c321a778e0b3fdcd017818a58fc9cc657e9cc3e5d316bf5c652a5dbfd99fdb
C_prose_proportional/C02_dejavu_sans_06px.png,C_prose_proportional,"wrapped prose, proportional",DejaVu Sans,,6,,True,,896,896,0.803,98,,27954,1024,941,27.3,29.71,6988,6.82,False,groundtruth/C_prose_proportional__C02_dejavu_sans_06px.txt,70825c2adf42e2a915a5a618794513e3724670ddfcbebf80ed428c5f6277d7a4,74bfb9e0061718ec400d809447df79e8eac2e13f240aa718f273fa1ae61e4302
C_prose_proportional/C03_dejavu_sans_07px.png,C_prose_proportional,"wrapped prose, proportional",DejaVu Sans,,7,,True,,896,896,0.803,87,,21203,1024,941,20.71,22.54,5301,5.18,False,groundtruth/C_prose_proportional__C03_dejavu_sans_07px.txt,114023a9c1759451ae3a66463aec52e6c99521df8fe7b480957de30d05af4ebd,8c5c482445cbd804b92ecba075458b9b43c2f0821af28cf59fba7b6e1eb89f30
C_prose_proportional/C04_dejavu_sans_08px.png,C_prose_proportional,"wrapped prose, proportional",DejaVu Sans,,8,,True,,896,896,0.803,79,,16900,1024,941,16.5,17.96,4225,4.13,False,groundtruth/C_prose_proportional__C04_dejavu_sans_08px.txt,702cc5c042dfea28af8214c67f9964209ce187fe9498954ba075a82fde4e3258,68dea260ae45fd796246c3cf0a86b4f04b9e23ef04ea103b913eda7761370813
C_prose_proportional/C05_dejavu_sans_09px.png,C_prose_proportional,"wrapped prose, proportional",DejaVu Sans,,9,,True,,896,896,0.803,67,,12597,1024,941,12.3,13.39,3149,3.08,False,groundtruth/C_prose_proportional__C05_dejavu_sans_09px.txt,baf8dc96d04723b92e6a2f1e8877936114e69c8dfa42608ad7e40702e3e4c593,cd88269ebf8292fdc5f2baa76cd4d40be078220af83d85768cd9e89b55ea8b3b
C_prose_proportional/C06_dejavu_sans_10px.png,C_prose_proportional,"wrapped prose, proportional",DejaVu Sans,,10,,True,,896,896,0.803,62,,10467,1024,941,10.22,11.13,2617,2.56,False,groundtruth/C_prose_proportional__C06_dejavu_sans_10px.txt,d020981b9bdf6dd39a964e8c0a73e7b4ee042aff0902db89d61b6245c447f00b,08c70501fb975a4a73ad3a30c8da8a54adc76072860c89da82d65a3a2d0c80a0
C_prose_proportional/C07_dejavu_sans_12px.png,C_prose_proportional,"wrapped prose, proportional",DejaVu Sans,,12,,True,,896,896,0.803,55,,7660,1024,941,7.48,8.14,1915,1.87,False,groundtruth/C_prose_proportional__C07_dejavu_sans_12px.txt,97dff77a18e5922896e5af3368da4251109e4ce6389af3e5753fd5fb71eeed11,0e31e78f51302694bac524121e16508562ff4755182fd2f850b6b68b3fad2e2a
C_prose_proportional/C08_dejavu_sans_14px.png,C_prose_proportional,"wrapped prose, proportional",DejaVu Sans,,14,,True,,896,896,0.803,50,,5881,1024,941,5.74,6.25,1470,1.44,False,groundtruth/C_prose_proportional__C08_dejavu_sans_14px.txt,178d018c2b8621baab1814838afe5e2b74905ba622a822e9d8d0e8b62350c43c,a36e27a42b9bdbe407624187250a865fdd6a123eedc06b6c9e2f72c469d53628
C_prose_proportional/C09_dejavu_sans_16px.png,C_prose_proportional,"wrapped prose, proportional",DejaVu Sans,,16,,True,,896,896,0.803,45,,4729,1024,941,4.62,5.03,1182,1.15,False,groundtruth/C_prose_proportional__C09_dejavu_sans_16px.txt,491a94037d91a1f3a72782eb5c7647778338344c935ace99c55c2d75c3db30f7,45af2de7c5d1a485cd1043f4ed4a421020121433bd296061b089bcfb2d3acc4a
C_prose_proportional/C10_dejavu_sans_20px.png,C_prose_proportional,"wrapped prose, proportional",DejaVu Sans,,20,,True,,896,896,0.803,36,,2993,1024,941,2.92,3.18,748,0.73,False,groundtruth/C_prose_proportional__C10_dejavu_sans_20px.txt,a772a74e401efcdeac553c8a6130809de81c653070e175edc49daa2c595e3ae6,bb353ea77e92169d6be64bd6d6065d6260afa5e1934962f532814b114a81140c
C_prose_proportional/C11_dejavu_sans_24px.png,C_prose_proportional,"wrapped prose, proportional",DejaVu Sans,,24,,True,,896,896,0.803,30,,2038,1024,941,1.99,2.17,510,0.5,False,groundtruth/C_prose_proportional__C11_dejavu_sans_24px.txt,15387519568dd4ae9e296bbdd185bb793cc914e71bdad7192bb755fe4b4a5ce7,99e6549deb2409b61bca672ad935d6ff02c1ff54f8c348cdb98d53e310abbb59
D_eyecharts/D1_bitmap_eyechart.png,D_eyecharts,"one line per bitmap size, ascending",X11 misc 4x6..12x24,,,,False,,896,896,0.803,15,,943,1024,941,0.92,1.0,236,0.23,False,groundtruth/D_eyecharts__D1_bitmap_eyechart.txt,f0319a9fe8372412e374c78fa29252825b59e5ece84e23c11060e38ddb5e5756,d3523ac84618944875ab0ce867b5123882abe1cc28060b58b185a7309253c566
D_eyecharts/D2_truetype_eyechart.png,D_eyecharts,"one line per px size, ascending",DejaVu Sans Mono 5..32px,,,,True,,896,896,0.803,13,,814,1024,941,0.79,0.87,204,0.2,False,groundtruth/D_eyecharts__D2_truetype_eyechart.txt,9e385fb49564ef477ed8b54795fd0b541e6a078b982b79d05c89e07a8c88bd7d,713b2f7d7d9c6c3a061d43a1dd6f1c05a5296e2f872fa718850de1b968ad096e
D_eyecharts/D3_descending_fullwidth.png,D_eyecharts,"full-width line per size, descending",X11 misc 12x24..4x6,,,,False,,896,896,0.803,15,,1907,1024,941,1.86,2.03,477,0.47,False,groundtruth/D_eyecharts__D3_descending_fullwidth.txt,e1bb376f311b3960addae11d9a6d99a46543a220db4c9446d0659259a7d3b7cd,d14754d6d6d61c2360b657fd7ac5de2f6d232987ab80cf590f3df5c7a7425032
E_degradations/10px/E_10px_00_baseline.png,E_degradations,00_baseline on 10px numbered lines,DejaVuSansMono@10px,,,,True,00_baseline,896,896,0.803,68,,9632,1024,941,9.41,10.24,2408,2.35,False,groundtruth/E_degradations__10px__E_10px_00_baseline.txt,39f93645d32c312d267572814100dbfbae8c591504d0376a8ff409f008c46ec7,3ee2ff072edebd3182742a3bc90a76272ef5638e1f3f1417dc15aee6c0ce768f
E_degradations/10px/E_10px_01_gray60.png,E_degradations,01_gray60 on 10px numbered lines,DejaVuSansMono@10px,,,,True,01_gray60,896,896,0.803,68,,9632,1024,941,9.41,10.24,2408,2.35,False,groundtruth/E_degradations__10px__E_10px_01_gray60.txt,63fcb4557014b83afa22914a911c2d7ee00499a4fbbd9f62dae81ec12540d640,3ee2ff072edebd3182742a3bc90a76272ef5638e1f3f1417dc15aee6c0ce768f
E_degradations/10px/E_10px_02_gray30_faint.png,E_degradations,02_gray30_faint on 10px numbered lines,DejaVuSansMono@10px,,,,True,02_gray30_faint,896,896,0.803,68,,9632,1024,941,9.41,10.24,2408,2.35,False,groundtruth/E_degradations__10px__E_10px_02_gray30_faint.txt,95ed5280675eda0a742812c4706b94a0b8312bac29b3df6bce06f6b503614d44,3ee2ff072edebd3182742a3bc90a76272ef5638e1f3f1417dc15aee6c0ce768f
E_degradations/10px/E_10px_03_inverted.png,E_degradations,03_inverted on 10px numbered lines,DejaVuSansMono@10px,,,,True,03_inverted,896,896,0.803,68,,9632,1024,941,9.41,10.24,2408,2.35,False,groundtruth/E_degradations__10px__E_10px_03_inverted.txt,829131555949ab8822918e87500109409338eeaa179569313607f1989fb6a915,3ee2ff072edebd3182742a3bc90a76272ef5638e1f3f1417dc15aee6c0ce768f
E_degradations/10px/E_10px_04_blue_on_cream.png,E_degradations,04_blue_on_cream on 10px numbered lines,DejaVuSansMono@10px,,,,True,04_blue_on_cream,896,896,0.803,68,,9632,1024,941,9.41,10.24,2408,2.35,False,groundtruth/E_degradations__10px__E_10px_04_blue_on_cream.txt,c482e1776ba2877ac9a57b7b8ea24b78ab08403804c0264b718aefb89ff433e3,3ee2ff072edebd3182742a3bc90a76272ef5638e1f3f1417dc15aee6c0ce768f
E_degradations/10px/E_10px_05_red_on_green.png,E_degradations,05_red_on_green on 10px numbered lines,DejaVuSansMono@10px,,,,True,05_red_on_green,896,896,0.803,68,,9632,1024,941,9.41,10.24,2408,2.35,False,groundtruth/E_degradations__10px__E_10px_05_red_on_green.txt,503be45dceba642c854588a32ce0fd971545a48733d65c276116c47d2e33c576,3ee2ff072edebd3182742a3bc90a76272ef5638e1f3f1417dc15aee6c0ce768f
E_degradations/10px/E_10px_06_blur.png,E_degradations,06_blur on 10px numbered lines,DejaVuSansMono@10px,,,,True,06_blur,896,896,0.803,68,,9632,1024,941,9.41,10.24,2408,2.35,False,groundtruth/E_degradations__10px__E_10px_06_blur.txt,fe03233488d1a1f696d676a021502d14ab5123b200a3ae2837c24506c8f5653f,3ee2ff072edebd3182742a3bc90a76272ef5638e1f3f1417dc15aee6c0ce768f
E_degradations/10px/E_10px_07_noise.png,E_degradations,07_noise on 10px numbered lines,DejaVuSansMono@10px,,,,True,07_noise,896,896,0.803,68,,9632,1024,941,9.41,10.24,2408,2.35,False,groundtruth/E_degradations__10px__E_10px_07_noise.txt,bab8299cb7f659f8eb8e524e096ab974c82c2b935d927e487a0c1c6385e3bd67,3ee2ff072edebd3182742a3bc90a76272ef5638e1f3f1417dc15aee6c0ce768f
E_degradations/10px/E_10px_08_rotate1_5deg.png,E_degradations,08_rotate1_5deg on 10px numbered lines,DejaVuSansMono@10px,,,,True,08_rotate1_5deg,896,896,0.803,68,,9632,1024,941,9.41,10.24,2408,2.35,False,groundtruth/E_degradations__10px__E_10px_08_rotate1_5deg.txt,a5a7560f6957dddf28f43bf0880fb647be52e510cc561b3a87a0b3d730882cae,3ee2ff072edebd3182742a3bc90a76272ef5638e1f3f1417dc15aee6c0ce768f
E_degradations/10px/E_10px_09_downup_50pct.png,E_degradations,09_downup_50pct on 10px numbered lines,DejaVuSansMono@10px,,,,True,09_downup_50pct,896,896,0.803,68,,9632,1024,941,9.41,10.24,2408,2.35,False,groundtruth/E_degradations__10px__E_10px_09_downup_50pct.txt,2a92d9a56ef1920e66f01aa503d4267b29b75bdbd1ade922197b78878a974e2d,3ee2ff072edebd3182742a3bc90a76272ef5638e1f3f1417dc15aee6c0ce768f
E_degradations/10px/E_10px_10_lowres_75pct.png,E_degradations,10_lowres_75pct on 10px numbered lines,DejaVuSansMono@10px,,,,True,10_lowres_75pct,672,672,0.452,68,,9632,576,529,16.72,18.2,2408,4.18,False,groundtruth/E_degradations__10px__E_10px_10_lowres_75pct.txt,a760565115e12f7e4036b9bbe5b554d05e014eeb2db91d03a13e1aa691f3e025,3ee2ff072edebd3182742a3bc90a76272ef5638e1f3f1417dc15aee6c0ce768f
E_degradations/10px/E_10px_11_jpeg30.jpg,E_degradations,JPEG q=30,DejaVuSansMono@10px,,,,True,jpeg30,896,896,0.803,68,,9632,1024,941,9.41,10.24,2408,2.35,False,groundtruth/E_degradations__10px__E_10px_11_jpeg30.txt,48c556e103658f324d40b40312bf73bb5d618b2bb7cbfc00052028fa18c48e94,3ee2ff072edebd3182742a3bc90a76272ef5638e1f3f1417dc15aee6c0ce768f
E_degradations/10px/E_10px_11_jpeg60.jpg,E_degradations,JPEG q=60,DejaVuSansMono@10px,,,,True,jpeg60,896,896,0.803,68,,9632,1024,941,9.41,10.24,2408,2.35,False,groundtruth/E_degradations__10px__E_10px_11_jpeg60.txt,5f3e213915529362b4a3d61a9cfec8f2343fd6500feb54eb0978d3d6cd2da709,3ee2ff072edebd3182742a3bc90a76272ef5638e1f3f1417dc15aee6c0ce768f
E_degradations/6x10/E_6x10_00_baseline.png,E_degradations,00_baseline on 6x10 numbered lines,6x10,,,,False,00_baseline,896,896,0.803,88,,12610,1024,941,12.31,13.4,3152,3.08,False,groundtruth/E_degradations__6x10__E_6x10_00_baseline.txt,20bde8ccc3056a4867167e729af515137553763da47d7284c9329df44141daea,06491910c1f9ca073a356c7cdd302fc4be40eb112365452d6421288b04b22c88
E_degradations/6x10/E_6x10_01_gray60.png,E_degradations,01_gray60 on 6x10 numbered lines,6x10,,,,False,01_gray60,896,896,0.803,88,,12610,1024,941,12.31,13.4,3152,3.08,False,groundtruth/E_degradations__6x10__E_6x10_01_gray60.txt,015069f5cc59b2a69fb0e3d5afadc81c892b27b618a708c64bd2e21f21d4dbe0,06491910c1f9ca073a356c7cdd302fc4be40eb112365452d6421288b04b22c88
E_degradations/6x10/E_6x10_02_gray30_faint.png,E_degradations,02_gray30_faint on 6x10 numbered lines,6x10,,,,False,02_gray30_faint,896,896,0.803,88,,12610,1024,941,12.31,13.4,3152,3.08,False,groundtruth/E_degradations__6x10__E_6x10_02_gray30_faint.txt,5edf087f34740f7435b79148432092dca1ad53cb6dbe98ee92d527a128be39d7,06491910c1f9ca073a356c7cdd302fc4be40eb112365452d6421288b04b22c88
E_degradations/6x10/E_6x10_03_inverted.png,E_degradations,03_inverted on 6x10 numbered lines,6x10,,,,False,03_inverted,896,896,0.803,88,,12610,1024,941,12.31,13.4,3152,3.08,False,groundtruth/E_degradations__6x10__E_6x10_03_inverted.txt,a04e7059692999b972ff7be4cabd22d62897a8933ad22f1be8dfcd2c299e2c9b,06491910c1f9ca073a356c7cdd302fc4be40eb112365452d6421288b04b22c88
E_degradations/6x10/E_6x10_04_blue_on_cream.png,E_degradations,04_blue_on_cream on 6x10 numbered lines,6x10,,,,False,04_blue_on_cream,896,896,0.803,88,,12610,1024,941,12.31,13.4,3152,3.08,False,groundtruth/E_degradations__6x10__E_6x10_04_blue_on_cream.txt,0a20a7afe097987b90f36b9052fbdb958122597cd3ff27b535e5309767d958d2,06491910c1f9ca073a356c7cdd302fc4be40eb112365452d6421288b04b22c88
E_degradations/6x10/E_6x10_05_red_on_green.png,E_degradations,05_red_on_green on 6x10 numbered lines,6x10,,,,False,05_red_on_green,896,896,0.803,88,,12610,1024,941,12.31,13.4,3152,3.08,False,groundtruth/E_degradations__6x10__E_6x10_05_red_on_green.txt,86553d0abc0ca0e4715005e37fc9d5d8d1e24e54138f2b50d854c46b87536f0a,06491910c1f9ca073a356c7cdd302fc4be40eb112365452d6421288b04b22c88
E_degradations/6x10/E_6x10_06_blur.png,E_degradations,06_blur on 6x10 numbered lines,6x10,,,,False,06_blur,896,896,0.803,88,,12610,1024,941,12.31,13.4,3152,3.08,False,groundtruth/E_degradations__6x10__E_6x10_06_blur.txt,344908b136e8b7f10e1654fb12db2e1edc76e373235fc9fec444c48dc8c7529c,06491910c1f9ca073a356c7cdd302fc4be40eb112365452d6421288b04b22c88
E_degradations/6x10/E_6x10_07_noise.png,E_degradations,07_noise on 6x10 numbered lines,6x10,,,,False,07_noise,896,896,0.803,88,,12610,1024,941,12.31,13.4,3152,3.08,False,groundtruth/E_degradations__6x10__E_6x10_07_noise.txt,a049e74f63c40ec966192da50d7a7d58e71061a94d225e7ba7992d01b10cbb09,06491910c1f9ca073a356c7cdd302fc4be40eb112365452d6421288b04b22c88
E_degradations/6x10/E_6x10_08_rotate1_5deg.png,E_degradations,08_rotate1_5deg on 6x10 numbered lines,6x10,,,,False,08_rotate1_5deg,896,896,0.803,88,,12610,1024,941,12.31,13.4,3152,3.08,False,groundtruth/E_degradations__6x10__E_6x10_08_rotate1_5deg.txt,5ed4385da0738cf41d0ae6d33dc5a3af05e7092a78b7eac63ff4103f0fad02dd,06491910c1f9ca073a356c7cdd302fc4be40eb112365452d6421288b04b22c88
E_degradations/6x10/E_6x10_09_downup_50pct.png,E_degradations,09_downup_50pct on 6x10 numbered lines,6x10,,,,False,09_downup_50pct,896,896,0.803,88,,12610,1024,941,12.31,13.4,3152,3.08,False,groundtruth/E_degradations__6x10__E_6x10_09_downup_50pct.txt,edd411a9931a4874cf67efe9c40f8189a3cafdb8e90239c6d90a3789217dbd72,06491910c1f9ca073a356c7cdd302fc4be40eb112365452d6421288b04b22c88
E_degradations/6x10/E_6x10_10_lowres_75pct.png,E_degradations,10_lowres_75pct on 6x10 numbered lines,6x10,,,,False,10_lowres_75pct,672,672,0.452,88,,12610,576,529,21.89,23.83,3152,5.47,False,groundtruth/E_degradations__6x10__E_6x10_10_lowres_75pct.txt,a380efe108c0ddac2e79ba4662a31bfeadca83c45a55e1bcd2bd7ef262c398fd,06491910c1f9ca073a356c7cdd302fc4be40eb112365452d6421288b04b22c88
E_degradations/6x10/E_6x10_11_jpeg30.jpg,E_degradations,JPEG q=30,6x10,,,,False,jpeg30,896,896,0.803,88,,12610,1024,941,12.31,13.4,3152,3.08,False,groundtruth/E_degradations__6x10__E_6x10_11_jpeg30.txt,6860f74b8ea72a87e2de571878a0cbf9780613925c1b372936ff4c35ad0bc84c,06491910c1f9ca073a356c7cdd302fc4be40eb112365452d6421288b04b22c88
E_degradations/6x10/E_6x10_11_jpeg60.jpg,E_degradations,JPEG q=60,6x10,,,,False,jpeg60,896,896,0.803,88,,12610,1024,941,12.31,13.4,3152,3.08,False,groundtruth/E_degradations__6x10__E_6x10_11_jpeg60.txt,49777c7d0237fc64e068806c24e9b99d29905353f0f6f23f8c47a455a58c083e,06491910c1f9ca073a356c7cdd302fc4be40eb112365452d6421288b04b22c88
E_degradations/oversized/E2_1568x1568_2.5MP.png,E_degradations,oversized - provider will downscale,6x10,,,,False,provider_downscale,1568,1568,2.459,156,,39780,3136,2881,12.68,13.81,9945,3.17,False,groundtruth/E_degradations__oversized__E2_1568x1568_2.5MP.txt,021da34f86fbb3b47f20fd4dc32f402ba82fc6714ef674139d460d4c2ccb1349,ac3dba1e88bde6a08aa3ce75f561c016634c4953ecc8135655846a848053d165
E_degradations/oversized/E2_2240x2240_5MP.png,E_degradations,oversized - provider will downscale,6x10,,,,False,provider_downscale,2240,2240,5.018,223,,81712,6400,5880,12.77,13.9,20428,3.19,True,groundtruth/E_degradations__oversized__E2_2240x2240_5MP.txt,787d998a2170aad9b25221c1f729795d996d5b4274ecf9982264d232ee08deff,38ac58cab01b0c8dd0382857be99c2c29d190688398be1b4707e2c755a0ba190
F_layouts/F1_table_normal_9x18.png,F_layouts,data table with column totals,9x18,,,,False,,896,896,0.803,45,,2726,1024,941,2.66,2.9,682,0.67,False,groundtruth/F_layouts__F1_table_normal_9x18.txt,693aaec3dab76e94fc15306148bc50b375b1278fd2b1184015d83c2a5fa87d75,b13a97daeaa2f520cbc6bfc9b1281ea389df6f48ac92c7a4279f848414f6026b
F_layouts/F1_table_tiny_5x8.png,F_layouts,data table with column totals,5x8,,,,False,,896,896,0.803,106,,6264,1024,941,6.12,6.66,1566,1.53,False,groundtruth/F_layouts__F1_table_tiny_5x8.txt,77300968e1d2b0b6ec42612af1a3cb88c7fd3a27180b3d7397d7b02761517e53,a8fc980251632dade1af591527ae5b8038d262f9245d36830424db88482fba7c
F_layouts/F2_code_normal_DejaVuSansMono@16px.png,F_layouts,source code listing with line numbers,DejaVuSansMono@16px,,,,True,,896,896,0.803,50,,1797,1024,941,1.75,1.91,449,0.44,False,groundtruth/F_layouts__F2_code_normal_DejaVuSansMono@16px.txt,78c96ea862fac8a07e4a5d0230e51b28a36bb90475de304015e365ca54ccfa88,e9426c337cbcec31ffdc524a74aa253eedd20102de70c020ce376f91d313735d
F_layouts/F2_code_tiny_6x10.png,F_layouts,source code listing with line numbers,6x10,,,,False,,896,896,0.803,50,,1797,1024,941,1.75,1.91,449,0.44,False,groundtruth/F_layouts__F2_code_tiny_6x10.txt,c5588260e92008474c2f23984899bb78639d2321c6ca449cd63718c29de8aba1,e9426c337cbcec31ffdc524a74aa253eedd20102de70c020ce376f91d313735d
F_layouts/F3_newspaper_normal_13px.png,F_layouts,"3-column newspaper, proportional",DejaVu Sans 13px + bold heads,,,,True,,896,896,0.803,142,,5447,1024,941,5.32,5.79,1362,1.33,False,groundtruth/F_layouts__F3_newspaper_normal_13px.txt,ceebe7244d8867ba71960c0c3b583d38287477c19fb6a8b88b4d014a6438fcff,e9e7cdf70b8fae050940475c1c44d9709e043d40e54293e0d69a942060e78f3a
F_layouts/F3_newspaper_tiny_7px.png,F_layouts,"3-column newspaper, proportional",DejaVu Sans 7px + bold heads,,,,True,,896,896,0.803,166,,11973,1024,941,11.69,12.73,2993,2.92,False,groundtruth/F_layouts__F3_newspaper_tiny_7px.txt,c5ddd001168bd66c0dc50026ebdf572e0354ea2ade479a5986cf5d41bb55b220,235462f5b5ed51688a8ec4b74826768b77a806d7d403ae868b5c91c7ee69a290
F_layouts/F4_receipt_normal_9x18.png,F_layouts,"narrow receipt, right-aligned prices",9x18,,,,False,,448,1344,0.602,74,,3302,768,706,4.3,4.68,826,1.07,False,groundtruth/F_layouts__F4_receipt_normal_9x18.txt,a4ae743f9f9fe1240c2391c72dcbcb0b281c553d5d5f371d238feab4bd35c1c8,b50f37cd49c142aea57f0e0d4fc365b622a2a5f610e69b532734a1fd9f8de5a9
F_layouts/F4_receipt_small_6x10.png,F_layouts,"narrow receipt, right-aligned prices",6x10,,,,False,,448,1344,0.602,106,,7110,768,706,9.26,10.08,1778,2.31,False,groundtruth/F_layouts__F4_receipt_small_6x10.txt,8fd9e82983383303443a96e6ddca24b8babbae7820931b2ae027967926f74457,9cf72df57f1527b1e5fa46d0acb400745d5fd2a14aa334503666285209c0e908
F_layouts/F4_receipt_tiny_4x6.png,F_layouts,"narrow receipt, right-aligned prices",4x6,,,,False,,448,1344,0.602,106,,10662,768,706,13.88,15.11,2666,3.47,False,groundtruth/F_layouts__F4_receipt_tiny_4x6.txt,3fca1e69e6ec5b56504b7782a3176dc45c4e55363ea80763a95a7aa8e2c3e582,a1a2c020f3e54ce94dd596dc96d3b00cda2e2d41c39677a7f0ae165ddfb9fdc3
F_layouts/F5_terminal_normal_9x18.png,F_layouts,"dark terminal log, coloured levels",9x18,,,,False,,1344,672,0.903,36,,2779,1152,1058,2.41,2.63,695,0.6,False,groundtruth/F_layouts__F5_terminal_normal_9x18.txt,fe9fa540a2aa58c0f7da8ac5ca369b096d724f69d26096b08ebd10b7db951086,a815a3c6c7f44a438f2099b3814213797c85d931ddeb1760c0ada84f001fbf34
F_layouts/F5_terminal_small_6x13.png,F_layouts,"dark terminal log, coloured levels",6x13,,,,False,,1344,672,0.903,50,,3726,1152,1058,3.23,3.52,932,0.81,False,groundtruth/F_layouts__F5_terminal_small_6x13.txt,8674a5ac2ee8a0c15b87d18d70af4b674f9fff69e2dc87638d20e2138e667c55,a126891035723cd69ba506ecac9afa98cdb872738effd826495e068d5b7be46c
F_layouts/F5_terminal_tiny_5x8.png,F_layouts,"dark terminal log, coloured levels",5x8,,,,False,,1344,672,0.903,82,,6321,1152,1058,5.49,5.97,1580,1.37,False,groundtruth/F_layouts__F5_terminal_tiny_5x8.txt,b8c895c18d5f0d2647503cf94f07d828daa946d2e8206a14647fa65dfda0af43,c082c0ad1cba12859489938224de49cc9b3bbff7af63d3049f345dc7a2456458
F_layouts/F6_spreadsheet_normal_8x16.png,F_layouts,"spreadsheet grid, row/col headers",8x16,,,,False,,896,896,0.803,45,13,5014,1024,941,4.9,5.33,1254,1.22,False,groundtruth/F_layouts__F6_spreadsheet_normal_8x16.txt,54722f17490b4739e261531a9b5d8e088eff41c77168ae2582351ada54871fcd,9c16119cd01361852e35ee61ac9ac287b601c1ddd7b6e9fb1154cce1e073faf0
F_layouts/F6_spreadsheet_small_6x10.png,F_layouts,"spreadsheet grid, row/col headers",6x10,,,,False,,896,896,0.803,48,16,6517,1024,941,6.36,6.93,1629,1.59,False,groundtruth/F_layouts__F6_spreadsheet_small_6x10.txt,bb896221942fb80d718b106719fe0ec5931f54bd3a2af7e93c94615c563b7123,20f5c61d86b6a99343162925ea18d872cba69414c6e6de93909d48e40286443d
F_layouts/F6_spreadsheet_tiny_5x8.png,F_layouts,"spreadsheet grid, row/col headers",5x8,,,,False,,896,896,0.803,48,16,6517,1024,941,6.36,6.93,1629,1.59,False,groundtruth/F_layouts__F6_spreadsheet_tiny_5x8.txt,4e5c15aaf1300b944ab6814145c2079bd2edffedb6b9e0fed458e6f0d193cb7f,ad9d85a9d2ae455bf2b98d176d0400a75c44f1e36ca5124b231dee7fe4709c03
G_multiscale/G1_contract.png,G_multiscale,"single page, cascading text sizes",DejaVuSans-Bold@30px / DejaVuSans-Bold@16px / DejaVuSans@11px / DejaVuSans@8px / 5x7 / 4x6,,,,True,,896,1120,1.004,90,,16711,1280,1176,13.06,14.21,4178,3.26,False,groundtruth/G_multiscale__G1_contract.txt,3832a44a0b3dfcf08b9e34d705b67936a35a50c620bd8ed6cbc743e83dc64968,362b8843c7e92e97930ad0f64f43729a05847ca12e10b2c9bd4af8f0ad15081c
G_multiscale/G2_label.png,G_multiscale,"single page, cascading text sizes",DejaVuSans-Bold@24px / DejaVuSans-Bold@13px / DejaVuSans@10px / DejaVuSans@7px / 4x6,,,,True,,896,896,0.803,65,,13549,1024,941,13.23,14.4,3387,3.31,False,groundtruth/G_multiscale__G2_label.txt,b6197546fae3a92d474266d8465c306b72a1aa8938754a5910bf36fd589ccb33,0bc79d068ca648d6f2b822c257dd982987b38e18ab237ede6576ec358f48319c
H_packing/H_6x9_1008x1008.png,H_packing,zero-waste maximal packing,X11 6x9,6x9,,9,False,,1008,1008,1.016,112,168,18221,1296,1229,14.06,14.83,4555,3.51,False,groundtruth/H_packing__H_6x9_1008x1008.txt,1ea02b43ff9bd7afcbcf80012b871b9c970b32b6e46256931c404cacc164f0b0,2316aa4f9083b623cc9cee241a06afa129163bfeecf3a2bf4c4bed7d33b5a0f5
H_packing/H_clB6x10_672x1120.png,H_packing,zero-waste maximal packing,X11 clB6x10,6x10,,10,False,,672,1120,0.753,112,112,12004,960,882,12.5,13.61,3001,3.13,False,groundtruth/H_packing__H_clB6x10_672x1120.txt,f55cf8f7cde16359b7ade7466c2a02b6b424b0d1e72554ced10c122bb9c2f19b,1c124c26e7ad3ea26c22dc0c92ddcf163f1f489f7bf9d4c5aeb4e258913fdb7f
H_packing/H_clR5x10_840x1120.png,H_packing,zero-waste maximal packing,X11 clR5x10,5x10,,10,False,,840,1120,0.941,112,168,18227,1200,1134,15.19,16.07,4557,3.8,False,groundtruth/H_packing__H_clR5x10_840x1120.txt,ad31e1496fe84e78a61cded679af014f9cd3715d83ab30e58486d4911bd761b0,0da67aa698c50d961bc468a15e0430ef3ba5e695c7abd3d46323046f38217a32
H_packing/H_clR5x6_1120x672.png,H_packing,zero-waste maximal packing,X11 clR5x6,5x6,,6,False,,1120,672,0.753,112,224,24534,960,882,25.56,27.82,6134,6.39,False,groundtruth/H_packing__H_clR5x6_1120x672.txt,d82dde8a114ec9f527ee12caf57fe8d52cd732f55900d08f6f4b3f1584c68ab4,a7713067c0a84e410e18afc1584638164c295827fe77bf9282ec15946080df7e
H_packing/H_clR5x8_1120x896.png,H_packing,zero-waste maximal packing,X11 clR5x8,5x8,,8,False,,1120,896,1.004,112,224,24538,1280,1176,19.17,20.87,6134,4.79,False,groundtruth/H_packing__H_clR5x8_1120x896.txt,18fa57eb1ccf53db4157c20df06413fde893ba56a1588fd53fadc22bedcfa5f5,610281aa97255e8e7f1dd4895192a0d47a3c8b2f1cc844b8f60d21f5631bf1aa
H_packing/H_clR6x6_1344x672.png,H_packing,zero-waste maximal packing,X11 clR6x6,6x6,,6,False,,1344,672,0.903,112,224,24491,1152,1058,21.26,23.14,6123,5.31,False,groundtruth/H_packing__H_clR6x6_1344x672.txt,66472052d6922bf86187b2bf549e151508b4d5f8a6afb3ba03062e9a8b1c21aa,b713bc0670c31fa115916f1a56d94e609ef2835f790c1076c2ceed3749ac4885
H_packing/H_clR6x8_672x896.png,H_packing,zero-waste maximal packing,X11 clR6x8,6x8,,8,False,,672,896,0.602,112,112,11963,768,706,15.58,16.95,2991,3.89,False,groundtruth/H_packing__H_clR6x8_672x896.txt,3ddd458e7e68a20b6f1bff17f3db9140fbe969e9c6f8b36c5d4656c38e75719b,0e70936255dcf896d5a5c69280d91dd9478c4741fa2a3c96c7717bf3b82c9092
H_packing/H_clR7x8_896x896.png,H_packing,zero-waste maximal packing,X11 clR7x8,7x8,,8,False,,896,896,0.803,112,128,13795,1024,941,13.47,14.66,3449,3.37,False,groundtruth/H_packing__H_clR7x8_896x896.txt,6cbe49f14484ae90ab8b8a82f9a1d33e15d01a83f758d6029d3eec26dca84739,7bdf27cc6e6880b9612d4bf3afc9647075e6644df71ef41da3d37c185c320b9f
H_packing/H_clR8x8_896x896.png,H_packing,zero-waste maximal packing,X11 clR8x8,8x8,,8,False,,896,896,0.803,112,112,11978,1024,941,11.7,12.73,2994,2.92,False,groundtruth/H_packing__H_clR8x8_896x896.txt,ecfec21a4277d7fd5ad7bc4b03295dd410c02d7ac50778f3405717035d54ecaf,f6a26698d65dcbe1f0281222f7c4423c3712f1ad29fc049c0ce324fd4664c090
H_packing_p32/H_6x9_864x864.png,H_packing,zero-waste maximal packing,X11 6x9,6x9,,9,False,,864,864,0.746,96,144,13324,961,875,13.86,15.23,3331,3.47,False,groundtruth/H_packing_p32__H_6x9_864x864.txt,644ecb5f328adfa9b4a838c0c19039ae0fb000e8434e337970a2ee15a9968c02,fcca05bd9fa7c15594a08c28dea8d339f2430373436236b3483a7b845ebb6012
H_packing_p32/H_clB6x10_672x1120.png,H_packing,zero-waste maximal packing,X11 clB6x10,6x10,,10,False,,672,1120,0.753,112,112,12004,960,882,12.5,13.61,3001,3.13,False,groundtruth/H_packing_p32__H_clB6x10_672x1120.txt,f55cf8f7cde16359b7ade7466c2a02b6b424b0d1e72554ced10c122bb9c2f19b,1c124c26e7ad3ea26c22dc0c92ddcf163f1f489f7bf9d4c5aeb4e258913fdb7f
H_packing_p32/H_clR5x10_800x1120.png,H_packing,zero-waste maximal packing,X11 clR5x10,5x10,,10,False,,800,1120,0.896,112,160,17331,1160,1050,14.94,16.51,4333,3.74,False,groundtruth/H_packing_p32__H_clR5x10_800x1120.txt,fbc33643510d8a3ecf0171760cd41b0b34399a63681ff08647089d990e1c036d,44fe2b4179a8e20bf2e7786d2cc1efaddbd623f0e2c7d15b8e0488f2a9a0f11b
H_packing_p32/H_clR5x6_1120x672.png,H_packing,zero-waste maximal packing,X11 clR5x6,5x6,,6,False,,1120,672,0.753,112,224,24534,960,882,25.56,27.82,6134,6.39,False,groundtruth/H_packing_p32__H_clR5x6_1120x672.txt,d82dde8a114ec9f527ee12caf57fe8d52cd732f55900d08f6f4b3f1584c68ab4,a7713067c0a84e410e18afc1584638164c295827fe77bf9282ec15946080df7e
H_packing_p32/H_clR5x8_1120x896.png,H_packing,zero-waste maximal packing,X11 clR5x8,5x8,,8,False,,1120,896,1.004,112,224,24538,1280,1176,19.17,20.87,6134,4.79,False,groundtruth/H_packing_p32__H_clR5x8_1120x896.txt,18fa57eb1ccf53db4157c20df06413fde893ba56a1588fd53fadc22bedcfa5f5,610281aa97255e8e7f1dd4895192a0d47a3c8b2f1cc844b8f60d21f5631bf1aa
H_packing_p32/H_clR6x6_1344x672.png,H_packing,zero-waste maximal packing,X11 clR6x6,6x6,,6,False,,1344,672,0.903,112,224,24491,1152,1058,21.26,23.14,6123,5.31,False,groundtruth/H_packing_p32__H_clR6x6_1344x672.txt,66472052d6922bf86187b2bf549e151508b4d5f8a6afb3ba03062e9a8b1c21aa,b713bc0670c31fa115916f1a56d94e609ef2835f790c1076c2ceed3749ac4885
H_packing_p32/H_clR6x8_672x896.png,H_packing,zero-waste maximal packing,X11 clR6x8,6x8,,8,False,,672,896,0.602,112,112,11963,768,706,15.58,16.95,2991,3.89,False,groundtruth/H_packing_p32__H_clR6x8_672x896.txt,3ddd458e7e68a20b6f1bff17f3db9140fbe969e9c6f8b36c5d4656c38e75719b,0e70936255dcf896d5a5c69280d91dd9478c4741fa2a3c96c7717bf3b82c9092
H_packing_p32/H_clR7x8_896x896.png,H_packing,zero-waste maximal packing,X11 clR7x8,7x8,,8,False,,896,896,0.803,112,128,13795,1024,941,13.47,14.66,3449,3.37,False,groundtruth/H_packing_p32__H_clR7x8_896x896.txt,6cbe49f14484ae90ab8b8a82f9a1d33e15d01a83f758d6029d3eec26dca84739,7bdf27cc6e6880b9612d4bf3afc9647075e6644df71ef41da3d37c185c320b9f
H_packing_p32/H_clR8x8_896x896.png,H_packing,zero-waste maximal packing,X11 clR8x8,8x8,,8,False,,896,896,0.803,112,112,11978,1024,941,11.7,12.73,2994,2.92,False,groundtruth/H_packing_p32__H_clR8x8_896x896.txt,ecfec21a4277d7fd5ad7bc4b03295dd410c02d7ac50778f3405717035d54ecaf,f6a26698d65dcbe1f0281222f7c4423c3712f1ad29fc049c0ce324fd4664c090
I_aspect/I_6x9_1344x666_74rows.png,I_aspect,"74 rows x 224 cols, same cell",X11 6x9,6x9,,,False,,1344,666,0.895,74,224,16146,1152,1058,14.02,15.26,4036,3.5,False,groundtruth/I_aspect__I_6x9_1344x666_74rows.txt,a1d2b892686923b59d272953c1c690a0b4047115ced4ae964b703f61f68034d0,5d33e286c8f1b351e11fd65c8d75862cdc3c6be8ea03598b3b52295b09d34898
I_aspect/I_6x9_672x1341_149rows.png,I_aspect,"149 rows x 112 cols, same cell",X11 6x9,6x9,,,False,,672,1341,0.901,149,112,15931,1152,1058,13.83,15.05,3983,3.46,False,groundtruth/I_aspect__I_6x9_672x1341_149rows.txt,f722600c190cacd086525828397780c4aba5d626f4c8a5297055acf1b59633bb,42c4a60dd52ad1131383365ab28c30383e1292d0519ea283d0b154118c7c74c1
I_aspect/I_6x9_894x1008_112rows.png,I_aspect,"112 rows x 149 cols, same cell",X11 6x9,6x9,,,False,,894,1008,0.901,112,149,16122,1152,1075,13.99,14.99,4030,3.5,False,groundtruth/I_aspect__I_6x9_894x1008_112rows.txt,60519893dce9d176892a900748f6ac8c304f1511a7b43b5cf521a2de0a102f4d,fdb00b4b5af1c1c4d051854fd62bb76edd4b4a86d23fce634e399155a314d15d
J_pitch/J_4x6_pitch10_896x1120.png,J_pitch,4x6 glyphs at 10px row pitch,X11 4x6,4x10,,,False,,896,1120,1.004,112,224,24494,1280,1176,19.14,20.83,6124,4.78,False,groundtruth/J_pitch__J_4x6_pitch10_896x1120.txt,42880e707403f569e7b16b6e6b5f8d9d411eac2a8c76a2205e2155d0a13f2ed4,c0629b12174d019a6cb928aec9e2e032826ae19088ffb0e6fc88c0abe6afa5e7
J_pitch/J_4x6_pitch12_672x1344.png,J_pitch,4x6 glyphs at 12px row pitch,X11 4x6,4x12,,,False,,672,1344,0.903,112,168,18283,1152,1058,15.87,17.27,4571,3.97,False,groundtruth/J_pitch__J_4x6_pitch12_672x1344.txt,704c87403d902b9c45b39a608d3e2fd38a289bbd6bf53d9f108adeb269d202db,3b4b470296e6146384256d15bd2afd1045466f258d56944649cbc8c1443a5044
J_pitch/J_4x6_pitch9_1008x1008.png,J_pitch,4x6 glyphs at 9px row pitch,X11 4x6,4x9,,,False,,1008,1008,1.016,112,252,27654,1296,1229,21.34,22.5,6914,5.33,False,groundtruth/J_pitch__J_4x6_pitch9_1008x1008.txt,6fa298f0590db86457e1fdefe9684c7196aaf4b05a135bfe760b43d854ca82ee,da7207221ee9db75763a2228435e8cbad1daf5c1987c4c251ba399f25763f5a9
J_pitch/J_5x7_pitch9_980x1008.png,J_pitch,5x7 glyphs at 9px row pitch,X11 5x7,5x9,,,False,,980,1008,0.988,112,196,21343,1260,1190,16.94,17.93,5336,4.23,False,groundtruth/J_pitch__J_5x7_pitch9_980x1008.txt,f14caacf544aed3c891cf6ca5354e01ad1be8bf96999b651750d4e5a40bca588,45945440c62317dec7de710ce1164023eecb979a826fcb79bad621b5aa2594fe
J_pitch/J_clR5x6_pitch9_980x1008.png,J_pitch,clR5x6 glyphs at 9px row pitch,X11 clR5x6,5x9,,,False,,980,1008,0.988,112,196,21339,1260,1190,16.94,17.93,5335,4.23,False,groundtruth/J_pitch__J_clR5x6_pitch9_980x1008.txt,0d323cae545e4c34d7596c5a0d894bff3d7051497f034d2a56f3b5782ddff279,9d54ef86d30c911d7721270c29dc8d76b56bd8838fee9a001ca3b24c2630da0a
J_pitch/J_clR5x8_pitch10_840x1120.png,J_pitch,clR5x8 glyphs at 10px row pitch,X11 clR5x8,5x10,,,False,,840,1120,0.941,112,168,18176,1200,1134,15.15,16.03,4544,3.79,False,groundtruth/J_pitch__J_clR5x8_pitch10_840x1120.txt,d71361bd85e4b6fda7347603a2041a2b77079421e2b724b6e609e6c00bfa56d7,ed41ecb4415fcba10fd2607f763cf0fda2a2bb537db90e7d0c0ef6540b705952
J_pitch/J_clR5x8_pitch9_980x1008.png,J_pitch,clR5x8 glyphs at 9px row pitch,X11 clR5x8,5x9,,,False,,980,1008,0.988,112,196,21387,1260,1190,16.97,17.97,5347,4.24,False,groundtruth/J_pitch__J_clR5x8_pitch9_980x1008.txt,0176ef8c59b3d03f7a46487399e8c56832b1cefe556ee06fa6012cfb3ef9722d,ad6637a1eb085cdc0cea95f6e76aeeed6784eb3b788f2718c568f190c00ebf22
J_pitch/J_clR6x8_pitch9_1008x1008.png,J_pitch,clR6x8 glyphs at 9px row pitch,X11 clR6x8,6x9,,,False,,1008,1008,1.016,112,168,18217,1296,1229,14.06,14.83,4554,3.51,False,groundtruth/J_pitch__J_clR6x8_pitch9_1008x1008.txt,9672512e3a755a6a33c2634eeba266be225422ae853f57143a6904cb8e429ba5,fef90f73641d910bcca891d8c30ca56713b8ca023df0184e1cebcb7b1df60d65
J_pitch_p32/J_4x6_pitch10_896x1120.png,J_pitch,4x6 glyphs at 10px row pitch,X11 4x6,4x10,,,False,,896,1120,1.004,112,224,24494,1280,1176,19.14,20.83,6124,4.78,False,groundtruth/J_pitch_p32__J_4x6_pitch10_896x1120.txt,42880e707403f569e7b16b6e6b5f8d9d411eac2a8c76a2205e2155d0a13f2ed4,c0629b12174d019a6cb928aec9e2e032826ae19088ffb0e6fc88c0abe6afa5e7
J_pitch_p32/J_4x6_pitch12_672x1344.png,J_pitch,4x6 glyphs at 12px row pitch,X11 4x6,4x12,,,False,,672,1344,0.903,112,168,18283,1152,1058,15.87,17.27,4571,3.97,False,groundtruth/J_pitch_p32__J_4x6_pitch12_672x1344.txt,704c87403d902b9c45b39a608d3e2fd38a289bbd6bf53d9f108adeb269d202db,3b4b470296e6146384256d15bd2afd1045466f258d56944649cbc8c1443a5044
J_pitch_p32/J_4x6_pitch9_864x864.png,J_pitch,4x6 glyphs at 9px row pitch,X11 4x6,4x9,,,False,,864,864,0.746,96,216,20197,961,875,21.02,23.09,5049,5.25,False,groundtruth/J_pitch_p32__J_4x6_pitch9_864x864.txt,237f90e691b71a36aa13355ec0caa603c01e1971a57238968720e85d7ae251b3,8c63165b572b6f84a8c6b151a6139e0ca1d956415d2ab5efcc8803efaed43f85
J_pitch_p32/J_5x7_pitch9_800x864.png,J_pitch,5x7 glyphs at 9px row pitch,X11 5x7,5x9,,,False,,800,864,0.691,96,160,14869,899,810,16.54,18.36,3717,4.13,False,groundtruth/J_pitch_p32__J_5x7_pitch9_800x864.txt,1cd84974f8b595d1c8f62c27e38904853c9b79c374fe0fde6ba1583e43aaee10,358f4570e5ba9fa8e937afcdc98f70f26d171fce7b946eb4d881750afd24c379
J_pitch_p32/J_clR5x6_pitch9_800x864.png,J_pitch,clR5x6 glyphs at 9px row pitch,X11 clR5x6,5x9,,,False,,800,864,0.691,96,160,14827,899,810,16.49,18.3,3707,4.12,False,groundtruth/J_pitch_p32__J_clR5x6_pitch9_800x864.txt,4fc590e4106c53ad97b4604e62b6ad8ee549a73ca8515474c1dbd41dfd08c8c2,3ca995885afeaaeca4e57826e18cfda1032392ebb64ff0fc48017850047abd5d
J_pitch_p32/J_clR5x8_pitch10_800x1120.png,J_pitch,clR5x8 glyphs at 10px row pitch,X11 clR5x8,5x10,,,False,,800,1120,0.896,112,160,17296,1160,1050,14.91,16.47,4324,3.73,False,groundtruth/J_pitch_p32__J_clR5x8_pitch10_800x1120.txt,7dcae35056d820959b96609a3355eedfea6e66e61b666c25666c57d9191d1ecd,0b2538609edaad0dab149e9d11b5c5d5308da76d7a030cc66c9bcfe718daa582
J_pitch_p32/J_clR5x8_pitch9_800x864.png,J_pitch,clR5x8 glyphs at 9px row pitch,X11 clR5x8,5x9,,,False,,800,864,0.691,96,160,14850,899,810,16.52,18.33,3712,4.13,False,groundtruth/J_pitch_p32__J_clR5x8_pitch9_800x864.txt,94235c5915e9331e0affa9c459ee5454a8f1c33afcc0926297793810f3330a79,eca49aa18e746bcdf133c654c6860c6f97c4dfe5d927cf51b303048cc4a71903
J_pitch_p32/J_clR6x8_pitch9_864x864.png,J_pitch,clR6x8 glyphs at 9px row pitch,X11 clR6x8,6x9,,,False,,864,864,0.746,96,144,13343,961,875,13.88,15.25,3336,3.47,False,groundtruth/J_pitch_p32__J_clR6x8_pitch9_864x864.txt,38396b5bd74a4ff41b130321eedd5259a14dbf85e2f91e42bc9e7257a7da3362,2c961ba7f402c577e5155af0c0dadb85007e3f72de04d578190aa53433df7f58
K2_entropy_narrow/K2_6x10_336x1120.png,K2_entropy_narrow,"random 4-char groups, 56-char lines",X11 6x10,6x10,,,False,,336,1120,0.376,112,56,6048,480,462,12.6,13.09,1512,3.15,False,groundtruth/K2_entropy_narrow__K2_6x10_336x1120.txt,44fae965178720f723deec8ec639a97904b36a96dfc49cf28ed68e386e8bd9e8,ca9fe086e9fdb9120dde7a875ec582b7777412e572d2f9f2341f6d4f95feed86
K2_entropy_narrow/K2_6x13_336x1456.png,K2_entropy_narrow,"random 4-char groups, 56-char lines",X11 6x13,6x13,,,False,,336,1456,0.489,112,56,6048,624,607,9.69,9.96,1512,2.42,False,groundtruth/K2_entropy_narrow__K2_6x13_336x1456.txt,50197b316fb9b2dbca6c6745ea826b4ffa64b1a20a8fae05cbad3c1ececff9d0,272f9359a42892bb2e52cca7095ecf3a802db1538dc554edaba215cc354cfaad
K2_entropy_narrow/K2_6x9_336x1008.png,K2_entropy_narrow,"random 4-char groups, 56-char lines",X11 6x9,6x9,,,False,,336,1008,0.339,112,56,6048,432,422,14.0,14.32,1512,3.5,False,groundtruth/K2_entropy_narrow__K2_6x9_336x1008.txt,226bfa5e86af63070333f625fd7ef7e9b87f1cc66e89c0ff8eac5e676504836e,4dde6ab7521f0dd439bfe087fba85d2aa27e89ddaa9422ebd59d440bd52cf040
K2_entropy_narrow/K2_8x16_448x1456.png,K2_entropy_narrow,"random 4-char groups, 56-char lines",X11 8x16,8x16,,,False,,448,1456,0.652,91,56,4914,832,773,5.91,6.36,1228,1.48,False,groundtruth/K2_entropy_narrow__K2_8x16_448x1456.txt,74391e49782ff66d95a9066ba8b8c8af4da6b655622b3688d8dbac3dac671c68,e5c29cc28b9853e351163b143db04aebd328695031762051cd67392e7f0f3842
K2_entropy_narrow/K2_9x18_504x1456.png,K2_entropy_narrow,"random 4-char groups, 56-char lines",X11 9x18,9x18,,,False,,504,1456,0.734,80,56,4320,936,883,4.62,4.89,1080,1.15,False,groundtruth/K2_entropy_narrow__K2_9x18_504x1456.txt,1327465e462d1145142ded68f9d173041acf568532564110164cde19644f5357,4c2fdc8454ff43112a2f1262efc32e4a834bd4f7471d5159d8e05cd01bc9dcdb
K2_entropy_narrow_p32/K2_6x10_384x1120.png,K2_entropy_narrow,"random 4-char groups, 64-char lines",X11 6x10,6x10,,,False,,384,1120,0.43,112,64,7168,560,504,12.8,14.22,1792,3.2,False,groundtruth/K2_entropy_narrow_p32__K2_6x10_384x1120.txt,42f1d5c49b87e797504fc83e560855a03b50cf43ce4087068939c5fb93d08ad6,1fbdd83645008241a6bc5ecf14b9a4d7b980bf09efd6bb3b444042e12dbf3f9d
K2_entropy_narrow_p32/K2_6x13_384x1248.png,K2_entropy_narrow,"random 4-char groups, 64-char lines",X11 6x13,6x13,,,False,,384,1248,0.479,96,64,6144,630,562,9.75,10.94,1536,2.44,False,groundtruth/K2_entropy_narrow_p32__K2_6x13_384x1248.txt,c9047ac408e098b75915bf40edb364d5be9fb67f2deb38ed5df095233bdec194,faeb9bd66b72c3333d0af58860623a9fcbed91e2bdd0e5d086f661539aa55b1e
K2_entropy_narrow_p32/K2_6x9_384x1152.png,K2_entropy_narrow,"random 4-char groups, 64-char lines",X11 6x9,6x9,,,False,,384,1152,0.442,128,64,8192,588,518,13.93,15.8,2048,3.48,False,groundtruth/K2_entropy_narrow_p32__K2_6x9_384x1152.txt,7f878e6d2ac2dc041c3f2e08c3d0ded5aee723ee4adb9651b47165f9cba4de4d,5694c10b7b5787b9b8c1e232e1c8cf58fa7ecc67f611574db545df3407fa6c15
K2_entropy_narrow_p32/K2_8x16_448x1600.png,K2_entropy_narrow,"random 4-char groups, 56-char lines",X11 8x16,8x16,,,False,,448,1600,0.717,100,56,5400,928,840,5.82,6.43,1350,1.45,False,groundtruth/K2_entropy_narrow_p32__K2_8x16_448x1600.txt,1702552987145a24dd9808d9c7f2113ec3393a377f505f70e3fc69d43b945e05,0ac81132867401958e2ba1459aeea365d6df2a2db60cb3dafc01b66e7b946095
K2_entropy_narrow_p32/K2_9x18_576x1440.png,K2_entropy_narrow,"random 4-char groups, 64-char lines",X11 9x18,9x18,,,False,,576,1440,0.829,80,64,5120,1092,972,4.69,5.27,1280,1.17,False,groundtruth/K2_entropy_narrow_p32__K2_9x18_576x1440.txt,c783455ef0e3be26f0be4e105139201d6190b86aa2d9aca333d525398d84b472,2b2087248032da04b4a35e87abbff8cb06bd361ca18740c9a31853fb92aa695c
K_entropy/K_10x20_pitch20_560x1540.png,K_entropy,"random 4-char groups, 20px pitch",X11 10x20,10x20,,,False,,560,1540,0.862,77,56,4158,1100,1058,3.78,3.93,1040,0.94,False,groundtruth/K_entropy__K_10x20_pitch20_560x1540.txt,d729ed46c612403dadcbd70c59dd08d0a456ef9179624055c6a56335b069df47,6dab3b327e3fd90ff3bfa3f9675eece52c9120f3595ee620df0f8ee552fc93bb
K_entropy/K_12x24_pitch24_672x1344.png,K_entropy,"random 4-char groups, 24px pitch",X11 12x24,12x24,,,False,,672,1344,0.903,56,56,3024,1152,1058,2.62,2.86,756,0.66,False,groundtruth/K_entropy__K_12x24_pitch24_672x1344.txt,ff520dc692ac9b0ae64c8c356af4901e662724cc54ff3f9c2fcc14ebaaf9aeed,edcab6f5ee9c0a9cd33af3f17c7046be31ed685800be6160b154b915d89de081
K_entropy/K_4x6_pitch9_1008x1008.png,K_entropy,"random 4-char groups, 9px pitch",X11 4x6,4x9,,,False,,1008,1008,1.016,112,252,27888,1296,1229,21.52,22.7,6972,5.38,False,groundtruth/K_entropy__K_4x6_pitch9_1008x1008.txt,44b73a6067ba5c11646fb5bc19e9c8152c41ef2ca991d9dae4a2f3d574737a4b,2c66fc5d9283f8a2aefb2feb08a9b7f28cfd460adc13ce4bc32e86a489e4c707
K_entropy/K_6x10_pitch10_672x1120.png,K_entropy,"random 4-char groups, 10px pitch",X11 6x10,6x10,,,False,,672,1120,0.753,112,112,12208,960,882,12.72,13.84,3052,3.18,False,groundtruth/K_entropy__K_6x10_pitch10_672x1120.txt,1c5f7ff3d80a3d66b52fd5a75572a587650ca3eb960425ca2e42930a4b3465ea,dac43f8b54699673f85eece67c412e75206970ecd5c66da93933b330fbfbf31a
K_entropy/K_6x13_pitch13_672x1456.png,K_entropy,"random 4-char groups, 13px pitch",X11 6x13,6x13,,,False,,672,1456,0.978,112,112,12208,1248,1159,9.78,10.53,3052,2.45,False,groundtruth/K_entropy__K_6x13_pitch13_672x1456.txt,7099b04f46cd3a45e8d54c709f5f0a8f2d2dec33428e7888ef29ee50a67c2942,8d24450df19bd6d1772d0496f7fdef640826f893955f933b31c96a9b9dcac742
K_entropy/K_6x9_pitch9_1008x1008.png,K_entropy,"random 4-char groups, 9px pitch",X11 6x9,6x9,,,False,,1008,1008,1.016,112,168,18368,1296,1229,14.17,14.95,4592,3.54,False,groundtruth/K_entropy__K_6x9_pitch9_1008x1008.txt,488a222429438b5838b3a6e034ba424c196fcf75051017589aab0930ace21c6a,e6ef74dd387488c21ba95f78b5fb5cd0aacfd3f863d8383e59366fbd2d1fb98a
K_entropy/K_7x14_pitch14_448x1568.png,K_entropy,"random 4-char groups, 14px pitch",X11 7x14,7x14,,,False,,448,1568,0.702,112,64,7168,896,823,8.0,8.71,1792,2.0,False,groundtruth/K_entropy__K_7x14_pitch14_448x1568.txt,cb5bd8ac4d5db804b6c7d7e2c254cc4a88c17b11541ac35b89812e449d450eab,24b8c096c8a239955bc5b3ac2f7821ce0fb271dd23e3dc64143f0dc36b313fa3
K_entropy/K_8x16_pitch16_448x1568.png,K_entropy,"random 4-char groups, 16px pitch",X11 8x16,8x16,,,False,,448,1568,0.702,98,56,5292,896,823,5.91,6.43,1323,1.48,False,groundtruth/K_entropy__K_8x16_pitch16_448x1568.txt,60a91301b539ada8c56683dc7e5b22a32105938b64404f41510a89c81e167645,59b8e5f2b6f2c19d2bdf122609332d57f78c0d8434640c749f44b931e9c7688f
K_entropy/K_9x18_pitch18_504x1512.png,K_entropy,"random 4-char groups, 18px pitch",X11 9x18,9x18,,,False,,504,1512,0.762,84,56,4536,972,922,4.67,4.92,1134,1.17,False,groundtruth/K_entropy__K_9x18_pitch18_504x1512.txt,e7fef503212516b2b2b970fe0192906dd82f05884c9f7d0be91494b16cb57503,3b32242f7b701bd231200f81cbcb6da9d629bd5ba1443247f156d8a0d45a914d
K_entropy/K_clR5x8_pitch9_980x1008.png,K_entropy,"random 4-char groups, 9px pitch",X11 clR5x8,5x9,,,False,,980,1008,0.988,112,196,21728,1260,1190,17.24,18.25,5432,4.31,False,groundtruth/K_entropy__K_clR5x8_pitch9_980x1008.txt,30e0c4857f9b5f5700ecd3d4e73c490d51db2e86a2897930a6f88d3c469f0c4c,8b5c5f7232f39e7de91bebdeb0c7b06a290702963fa262794d17d64627eb15c1
K_entropy/K_clR6x8_pitch8_672x896.png,K_entropy,"random 4-char groups, 8px pitch",X11 clR6x8,6x8,,,False,,672,896,0.602,112,112,12208,768,706,15.9,17.3,3052,3.97,False,groundtruth/K_entropy__K_clR6x8_pitch8_672x896.txt,74c84b9b38cfcbfae46831fceb460e0930793a7d9ec97e12fe92928d50627d89,7b4b157e60e7910a0c0ee9e5409c76c6337eff66504a12e7c7b2724926027048
K_entropy_p32/K_10x20_pitch20_640x1440.png,K_entropy,"random 4-char groups, 20px pitch",X11 10x20,10x20,,,False,,640,1440,0.922,72,64,4608,1196,1080,3.85,4.27,1152,0.96,False,groundtruth/K_entropy_p32__K_10x20_pitch20_640x1440.txt,0143b7e6b93e4a32d72d7d357d1513beb62cb2fe2b1b4e2f522e155cb0baee4c,de06cfc1f76084a329fa6e776ae0b5ea44c641650a75c3873ee4a86254a7ebc2
K_entropy_p32/K_12x24_pitch24_672x1344.png,K_entropy,"random 4-char groups, 24px pitch",X11 12x24,12x24,,,False,,672,1344,0.903,56,56,3024,1152,1058,2.62,2.86,756,0.66,False,groundtruth/K_entropy_p32__K_12x24_pitch24_672x1344.txt,ff520dc692ac9b0ae64c8c356af4901e662724cc54ff3f9c2fcc14ebaaf9aeed,edcab6f5ee9c0a9cd33af3f17c7046be31ed685800be6160b154b915d89de081
K_entropy_p32/K_4x6_pitch9_864x864.png,K_entropy,"random 4-char groups, 9px pitch",X11 4x6,4x9,,,False,,864,864,0.746,96,216,20544,961,875,21.38,23.48,5136,5.34,False,groundtruth/K_entropy_p32__K_4x6_pitch9_864x864.txt,76388704a5b5b7ef23ba09ddd01171d9e307e48ff268a192bfda6692e6052c16,1e151b7970d7dbd8059c987efc7b9ef0c5eff9238591b749a7c69e9e15a3d018
K_entropy_p32/K_6x10_pitch10_672x1120.png,K_entropy,"random 4-char groups, 10px pitch",X11 6x10,6x10,,,False,,672,1120,0.753,112,112,12208,960,882,12.72,13.84,3052,3.18,False,groundtruth/K_entropy_p32__K_6x10_pitch10_672x1120.txt,1c5f7ff3d80a3d66b52fd5a75572a587650ca3eb960425ca2e42930a4b3465ea,dac43f8b54699673f85eece67c412e75206970ecd5c66da93933b330fbfbf31a
K_entropy_p32/K_6x13_pitch13_768x1248.png,K_entropy,"random 4-char groups, 13px pitch",X11 6x13,6x13,,,False,,768,1248,0.958,96,128,11904,1260,1123,9.45,10.6,2976,2.36,False,groundtruth/K_entropy_p32__K_6x13_pitch13_768x1248.txt,c2dd64fbd88cadfef96b820a846a823b9907599c6dbbfbde5049dd6756471e31,6e05a2056bac686f549a99383e665360d193cfb87316df06894ca43859bc0d08
K_entropy_p32/K_6x9_pitch9_864x864.png,K_entropy,"random 4-char groups, 9px pitch",X11 6x9,6x9,,,False,,864,864,0.746,96,144,13824,961,875,14.39,15.8,3456,3.6,False,groundtruth/K_entropy_p32__K_6x9_pitch9_864x864.txt,6fec11dc22351b350429b797d0fca908a787897336f4c726392a8e43e97623b2,5fc6736b3c5863f3f2dc59a132bbb92ccde4ddcc5509029c4e2130d08edf056d
K_entropy_p32/K_7x14_pitch14_448x1568.png,K_entropy,"random 4-char groups, 14px pitch",X11 7x14,7x14,,,False,,448,1568,0.702,112,64,7168,896,823,8.0,8.71,1792,2.0,False,groundtruth/K_entropy_p32__K_7x14_pitch14_448x1568.txt,cb5bd8ac4d5db804b6c7d7e2c254cc4a88c17b11541ac35b89812e449d450eab,24b8c096c8a239955bc5b3ac2f7821ce0fb271dd23e3dc64143f0dc36b313fa3
K_entropy_p32/K_8x16_pitch16_448x1568.png,K_entropy,"random 4-char groups, 16px pitch",X11 8x16,8x16,,,False,,448,1568,0.702,98,56,5292,896,823,5.91,6.43,1323,1.48,False,groundtruth/K_entropy_p32__K_8x16_pitch16_448x1568.txt,60a91301b539ada8c56683dc7e5b22a32105938b64404f41510a89c81e167645,59b8e5f2b6f2c19d2bdf122609332d57f78c0d8434640c749f44b931e9c7688f
K_entropy_p32/K_9x18_pitch18_576x1440.png,K_entropy,"random 4-char groups, 18px pitch",X11 9x18,9x18,,,False,,576,1440,0.829,80,64,5120,1092,972,4.69,5.27,1280,1.17,False,groundtruth/K_entropy_p32__K_9x18_pitch18_576x1440.txt,1c30b1d60ad13133cb0e5863cfca03a0163c172a5f519d5515b63cffe842cd3a,2a86ee5557b1221e5b1b8a29a5565832f021364fa78d95d30b266b3c26814ddd
K_entropy_p32/K_clR5x8_pitch9_800x864.png,K_entropy,"random 4-char groups, 9px pitch",X11 clR5x8,5x9,,,False,,800,864,0.691,96,160,15264,899,810,16.98,18.84,3816,4.24,False,groundtruth/K_entropy_p32__K_clR5x8_pitch9_800x864.txt,45b1da9a8adde2f9ee2a32f7fc62747e259b481660301f31cd7c6ae3b5f9667a,197b9862a4fd055c84f3d5c503affa3ff9e7598a5b046b2334f3589824f87589
K_entropy_p32/K_clR6x8_pitch8_672x896.png,K_entropy,"random 4-char groups, 8px pitch",X11 clR6x8,6x8,,,False,,672,896,0.602,112,112,12208,768,706,15.9,17.3,3052,3.97,False,groundtruth/K_entropy_p32__K_clR6x8_pitch8_672x896.txt,74c84b9b38cfcbfae46831fceb460e0930793a7d9ec97e12fe92928d50627d89,7b4b157e60e7910a0c0ee9e5409c76c6337eff66504a12e7c7b2724926027048
